{
  "window_size": 50,
  "step_size": 25,
  "num_classes": 5,
  "classes": [
    "fast_walk",
    "normal_walk",
    "running",
    "slow_walk",
    "standing"
  ],
  "scaler_mean": [
    0.02773128539325843,
    -0.3103555904494376,
    -0.9446615249438198,
    0.1974376415730377,
    -0.2573936051685325,
    -0.06365121134831601
  ],
  "scaler_scale": [
    0.27588890960201445,
    0.21676521633164383,
    0.4152154610244196,
    0.3911996015031989,
    0.56083889604647,
    0.32401065679371827
  ],
  "test_accuracy": 0.9777777791023254,
  "test_loss": 0.07397855073213577
}